,year,month,day,t_min,t_max,rain
2001-01-01,2001,1,1,2.0,8.7,0.0
2001-01-02,2001,1,2,7.2,11.2,0.0
2001-01-03,2001,1,3,5.6,9.3,0.0
2001-01-04,2001,1,4,8.6,11.7,0.0
2001-01-05,2001,1,5,8.6,12.7,0.0
2001-01-06,2001,1,6,4.5,8.9,0.0
2001-01-07,2001,1,7,3.7,8.1,0.0
2001-01-08,2001,1,8,1.5,8.2,0.0
2001-01-09,2001,1,9,1.7,4.7,0.0
2001-01-10,2001,1,10,3.1,11.0,0.0
2001-01-11,2001,1,11,8.5,10.2,0.0
2001-01-12,2001,1,12,2.0,7.9,0.0
2001-01-13,2001,1,13,0.8,3.2,0.0
2001-01-14,2001,1,14,0.2,5.0,0.0
2001-01-15,2001,1,15,-2.0,1.3,0.0
2001-01-16,2001,1,16,0.2,4.4,0.0
2001-01-17,2001,1,17,1.6,4.4,0.0
2001-01-18,2001,1,18,2.6,4.9,0.0
2001-01-19,2001,1,19,2.1,5.3,0.0
2001-01-20,2001,1,20,0.8,3.7,0.0
2001-01-21,2001,1,21,0.6,9.6,0.0
2001-01-22,2001,1,22,7.6,9.6,0.0
2001-01-23,2001,1,23,6.2,12.0,0.0
2001-01-24,2001,1,24,8.0,11.9,0.0
2001-01-25,2001,1,25,5.8,9.8,0.0
2001-01-26,2001,1,26,4.9,8.3,0.0
2001-01-27,2001,1,27,4.4,8.9,0.0
2001-01-28,2001,1,28,3.6,9.0,0.0
2001-01-29,2001,1,29,2.8,5.7,0.0
2001-01-30,2001,1,30,1.3,3.2,0.0
2001-01-31,2001,1,31,1.3,4.9,0.0
2001-02-01,2001,2,1,-0.9,2.6,0.0
2001-02-02,2001,2,2,-1.3,6.4,0.0
2001-02-03,2001,2,3,5.6,10.2,0.0
2001-02-04,2001,2,4,9.9,12.6,0.0
2001-02-05,2001,2,5,9.2,11.2,0.0
2001-02-06,2001,2,6,10.3,13.9,0.0
2001-02-07,2001,2,7,8.7,11.3,0.0
2001-02-08,2001,2,8,6.8,11.4,0.0
2001-02-09,2001,2,9,3.5,6.7,0.0
2001-02-10,2001,2,10,1.7,8.3,0.0
2001-02-11,2001,2,11,8.6,13.4,0.0
2001-02-12,2001,2,12,7.6,14.6,0.0
2001-02-13,2001,2,13,5.0,9.8,0.0
2001-02-14,2001,2,14,2.7,10.3,0.0
2001-02-15,2001,2,15,3.1,10.7,0.0
2001-02-16,2001,2,16,3.1,8.6,0.0
2001-02-17,2001,2,17,5.0,6.2,0.0
2001-02-18,2001,2,18,2.0,7.5,0.0
2001-02-19,2001,2,19,1.0,7.6,0.0
2001-02-20,2001,2,20,4.8,7.7,0.0
2001-02-21,2001,2,21,3.0,8.9,0.0
2001-02-22,2001,2,22,7.6,11.2,0.0
2001-02-23,2001,2,23,2.3,8.7,0.0
2001-02-24,2001,2,24,0.7,5.2,0.0
2001-02-25,2001,2,25,-2.4,4.6,0.0
2001-02-26,2001,2,26,-0.2,6.9,0.0
2001-02-27,2001,2,27,0.7,6.5,0.0
2001-02-28,2001,2,28,1.3,4.9,0.0
2001-03-01,2001,3,1,1.7,5.3,0.0
2001-03-02,2001,3,2,-0.3,4.1,0.0
2001-03-03,2001,3,3,0.7,6.4,0.0
2001-03-04,2001,3,4,2.7,8.0,0.0
2001-03-05,2001,3,5,4.1,8.6,0.0
2001-03-06,2001,3,6,3.7,14.0,0.0
2001-03-07,2001,3,7,10.5,17.7,0.0
2001-03-08,2001,3,8,9.2,13.9,0.0
2001-03-09,2001,3,9,8.9,14.2,0.0
2001-03-10,2001,3,10,9.5,15.3,0.0
2001-03-11,2001,3,11,12.1,15.8,0.0
2001-03-12,2001,3,12,6.4,12.9,0.0
2001-03-13,2001,3,13,5.8,11.4,0.0
2001-03-14,2001,3,14,6.9,11.3,0.0
2001-03-15,2001,3,15,10.5,14.4,0.0
2001-03-16,2001,3,16,8.7,17.4,0.0
2001-03-17,2001,3,17,8.6,16.9,0.0
2001-03-18,2001,3,18,5.9,13.2,0.0
2001-03-19,2001,3,19,4.3,7.0,0.0
2001-03-20,2001,3,20,4.2,9.1,0.0
2001-03-21,2001,3,21,10.2,17.2,0.0
2001-03-22,2001,3,22,11.3,13.6,0.0
2001-03-23,2001,3,23,10.4,17.9,0.0
2001-03-24,2001,3,24,10.4,13.5,0.0
2001-03-25,2001,3,25,4.8,10.7,0.0
2001-03-26,2001,3,26,4.6,7.2,0.0
2001-03-27,2001,3,27,4.9,13.9,0.0
2001-03-28,2001,3,28,6.7,10.7,0.0
2001-03-29,2001,3,29,7.0,12.1,0.0
2001-03-30,2001,3,30,5.8,13.3,0.0
2001-03-31,2001,3,31,5.8,13.9,0.0
2001-04-01,2001,4,1,8.9,18.1,0.0
2001-04-02,2001,4,2,9.9,23.3,0.0
2001-04-03,2001,4,3,10.1,15.9,0.0
2001-04-04,2001,4,4,7.4,12.0,0.0
2001-04-05,2001,4,5,4.9,10.7,0.0
2001-04-06,2001,4,6,9.0,14.2,0.0
2001-04-07,2001,4,7,6.4,11.7,0.0
2001-04-08,2001,4,8,7.7,11.9,0.0
2001-04-09,2001,4,9,7.4,14.2,0.0
2001-04-10,2001,4,10,9.0,11.8,0.0
2001-04-11,2001,4,11,6.9,10.0,0.0
2001-04-12,2001,4,12,4.7,11.2,0.0
2001-04-13,2001,4,13,4.0,9.4,0.0
2001-04-14,2001,4,14,1.4,9.3,0.0
2001-04-15,2001,4,15,7.7,11.4,0.0
2001-04-16,2001,4,16,6.9,11.5,0.0
2001-04-17,2001,4,17,5.9,9.7,0.0
2001-04-18,2001,4,18,4.2,9.0,0.0
2001-04-19,2001,4,19,2.7,8.6,0.0
2001-04-20,2001,4,20,3.4,7.5,0.0
2001-04-21,2001,4,21,3.3,10.3,0.0
2001-04-22,2001,4,22,3.5,12.8,0.0
2001-04-23,2001,4,23,7.3,14.8,0.0
2001-04-24,2001,4,24,7.1,17.4,0.0
2001-04-25,2001,4,25,8.6,14.0,0.0
2001-04-26,2001,4,26,7.2,16.7,0.0
2001-04-27,2001,4,27,9.2,14.8,0.0
2001-04-28,2001,4,28,10.4,13.3,0.0
2001-04-29,2001,4,29,9.1,15.5,0.0
2001-04-30,2001,4,30,9.6,14.5,0.0
2001-05-01,2001,5,1,10.9,16.2,0.0
2001-05-02,2001,5,2,11.5,19.3,0.0
2001-05-03,2001,5,3,11.5,16.4,0.0
2001-05-04,2001,5,4,8.3,11.4,0.0
2001-05-05,2001,5,5,7.0,12.0,0.0
2001-05-06,2001,5,6,5.5,12.4,0.0
2001-05-07,2001,5,7,8.8,14.3,0.0
2001-05-08,2001,5,8,9.5,19.5,0.0
2001-05-09,2001,5,9,12.2,20.3,0.0
2001-05-10,2001,5,10,14.6,21.8,0.0
2001-05-11,2001,5,11,16.4,26.5,0.0
2001-05-12,2001,5,12,15.3,26.9,0.0
2001-05-13,2001,5,13,15.5,26.8,0.0
2001-05-14,2001,5,14,11.2,16.8,0.0
2001-05-15,2001,5,15,10.9,16.9,0.0
2001-05-16,2001,5,16,12.2,19.1,0.0
2001-05-17,2001,5,17,12.0,17.7,0.0
2001-05-18,2001,5,18,8.8,16.3,0.0
2001-05-19,2001,5,19,8.0,18.8,0.0
2001-05-20,2001,5,20,10.4,21.1,0.0
2001-05-21,2001,5,21,10.9,23.4,0.0
2001-05-22,2001,5,22,11.3,22.3,0.0
2001-05-23,2001,5,23,12.6,24.7,0.0
2001-05-24,2001,5,24,16.5,25.6,0.0
2001-05-25,2001,5,25,14.4,25.8,0.0
2001-05-26,2001,5,26,15.9,26.5,0.0
2001-05-27,2001,5,27,15.4,23.9,0.0
2001-05-28,2001,5,28,17.3,28.7,0.0
2001-05-29,2001,5,29,19.0,26.3,0.0
2001-05-30,2001,5,30,16.0,27.5,0.0
2001-05-31,2001,5,31,13.7,20.3,0.0
2001-06-01,2001,6,1,11.6,18.8,0.0
2001-06-02,2001,6,2,11.2,16.6,0.0
2001-06-03,2001,6,3,8.9,15.7,0.0
2001-06-04,2001,6,4,7.4,21.3,0.0
2001-06-05,2001,6,5,9.9,24.3,0.0
2001-06-06,2001,6,6,14.0,19.9,0.0
2001-06-07,2001,6,7,11.5,18.4,0.0
2001-06-08,2001,6,8,10.0,16.2,0.0
2001-06-09,2001,6,9,10.3,18.5,0.0
2001-06-10,2001,6,10,10.5,18.9,0.0
2001-06-11,2001,6,11,10.2,20.2,0.0
2001-06-12,2001,6,12,11.7,23.6,0.0
2001-06-13,2001,6,13,13.5,24.8,0.0
2001-06-14,2001,6,14,11.8,23.4,0.0
2001-06-15,2001,6,15,13.2,18.3,0.0
2001-06-16,2001,6,16,12.9,16.2,0.0
2001-06-17,2001,6,17,13.0,19.6,0.0
2001-06-18,2001,6,18,12.2,17.3,0.0
2001-06-19,2001,6,19,11.0,20.9,0.0
2001-06-20,2001,6,20,12.0,26.6,0.0
2001-06-21,2001,6,21,15.5,24.9,0.0
2001-06-22,2001,6,22,12.7,24.7,0.0
2001-06-23,2001,6,23,14.2,26.7,0.0
2001-06-24,2001,6,24,15.5,31.0,0.0
2001-06-25,2001,6,25,19.2,31.2,0.0
2001-06-26,2001,6,26,19.7,34.6,0.0
2001-06-27,2001,6,27,18.8,20.7,0.0
2001-06-28,2001,6,28,15.7,25.2,0.0
2001-06-29,2001,6,29,17.0,28.4,0.0
2001-06-30,2001,6,30,18.1,25.1,0.0
2001-07-01,2001,7,1,15.3,26.3,0.0
2001-07-02,2001,7,2,17.0,27.9,0.0
2001-07-03,2001,7,3,18.7,27.4,0.0
2001-07-04,2001,7,4,19.3,29.4,0.0
2001-07-05,2001,7,5,17.6,25.1,0.0
2001-07-06,2001,7,6,17.6,26.0,0.0
2001-07-07,2001,7,7,15.8,20.2,0.0
2001-07-08,2001,7,8,16.1,21.1,0.0
2001-07-09,2001,7,9,15.8,24.4,0.0
2001-07-10,2001,7,10,17.4,21.9,0.0
2001-07-11,2001,7,11,14.4,22.0,0.0
2001-07-12,2001,7,12,13.8,16.2,0.0
2001-07-13,2001,7,13,13.1,18.8,0.0
2001-07-14,2001,7,14,13.4,17.0,0.0
2001-07-15,2001,7,15,12.9,20.9,0.0
2001-07-16,2001,7,16,12.3,20.0,0.0
2001-07-17,2001,7,17,13.4,20.5,0.0
2001-07-18,2001,7,18,13.7,16.6,0.0
2001-07-19,2001,7,19,13.4,17.8,0.0
2001-07-20,2001,7,20,12.3,21.0,0.0
2001-07-21,2001,7,21,14.5,25.2,0.0
2001-07-22,2001,7,22,21.0,28.3,0.0
2001-07-23,2001,7,23,17.9,25.1,0.0
2001-07-24,2001,7,24,15.8,27.1,0.0
2001-07-25,2001,7,25,16.6,29.7,0.0
2001-07-26,2001,7,26,19.6,29.5,0.0
2001-07-27,2001,7,27,18.8,30.0,0.0
2001-07-28,2001,7,28,19.9,29.5,0.0
2001-07-29,2001,7,29,19.4,29.1,0.0
2001-07-30,2001,7,30,20.0,31.5,0.0
2001-07-31,2001,7,31,21.9,29.2,0.0
2001-08-01,2001,8,1,18.5,28.1,0.0
2001-08-02,2001,8,2,20.5,25.7,0.0
2001-08-03,2001,8,3,18.2,24.1,0.0
2001-08-04,2001,8,4,15.6,22.6,0.0
2001-08-05,2001,8,5,15.8,21.9,0.0
2001-08-06,2001,8,6,15.6,22.2,0.0
2001-08-07,2001,8,7,15.6,20.7,0.0
2001-08-08,2001,8,8,14.4,22.0,0.0
2001-08-09,2001,8,9,14.5,21.2,0.0
2001-08-10,2001,8,10,13.2,20.5,0.0
2001-08-11,2001,8,11,11.7,22.9,0.0
2001-08-12,2001,8,12,12.7,25.8,0.0
2001-08-13,2001,8,13,17.0,28.9,0.0
2001-08-14,2001,8,14,17.9,31.5,0.0
2001-08-15,2001,8,15,19.4,32.3,0.0
2001-08-16,2001,8,16,17.0,23.6,0.0
2001-08-17,2001,8,17,14.3,25.7,0.0
2001-08-18,2001,8,18,16.4,24.7,0.0
2001-08-19,2001,8,19,18.6,22.5,0.0
2001-08-20,2001,8,20,15.9,17.9,0.0
2001-08-21,2001,8,21,14.9,26.6,0.0
2001-08-22,2001,8,22,16.6,28.5,0.0
2001-08-23,2001,8,23,18.8,29.8,0.0
2001-08-24,2001,8,24,19.2,31.7,0.0
2001-08-25,2001,8,25,20.0,33.9,0.0
2001-08-26,2001,8,26,19.6,33.9,0.0
2001-08-27,2001,8,27,19.5,24.6,0.0
2001-08-28,2001,8,28,13.5,24.8,0.0
2001-08-29,2001,8,29,14.3,25.8,0.0
2001-08-30,2001,8,30,17.7,21.6,2.4
2001-08-31,2001,8,31,15.2,18.8,0.6
2001-09-01,2001,9,1,12.4,21.7,0.2
2001-09-02,2001,9,2,11.7,22.2,0.0
2001-09-03,2001,9,3,15.8,19.5,1.8
2001-09-04,2001,9,4,12.4,17.3,11.2
2001-09-05,2001,9,5,11.6,18.1,0.2
2001-09-06,2001,9,6,14.2,20.7,2.2
2001-09-07,2001,9,7,11.6,21.0,0.0
2001-09-08,2001,9,8,15.3,18.2,4.2
2001-09-09,2001,9,9,10.2,16.7,0.0
2001-09-10,2001,9,10,9.1,17.0,0.0
2001-09-11,2001,9,11,9.4,17.8,0.0
2001-09-12,2001,9,12,13.7,20.8,0.4
2001-09-13,2001,9,13,13.4,18.0,6.4
2001-09-14,2001,9,14,11.2,18.1,0.0
2001-09-15,2001,9,15,9.0,17.5,0.2
2001-09-16,2001,9,16,11.6,16.4,1.0
2001-09-17,2001,9,17,9.0,15.4,12.6
2001-09-18,2001,9,18,10.6,12.8,0.2
2001-09-19,2001,9,19,13.7,14.3,0.0
2001-09-20,2001,9,20,12.8,15.2,0.0
2001-09-21,2001,9,21,10.5,17.5,0.0
2001-09-22,2001,9,22,9.4,17.7,0.0
2001-09-23,2001,9,23,8.8,15.7,0.0
2001-09-24,2001,9,24,10.2,16.2,0.0
2001-09-25,2001,9,25,9.4,16.8,0.0
2001-09-26,2001,9,26,8.6,15.5,0.0
2001-09-27,2001,9,27,12.9,19.8,0.0
2001-09-28,2001,9,28,15.5,23.2,0.0
2001-09-29,2001,9,29,13.9,18.6,0.0
2001-09-30,2001,9,30,10.8,18.0,0.0
2001-10-01,2001,10,1,16.7,19.7,0.0
2001-10-02,2001,10,2,18.0,23.9,0.0
2001-10-03,2001,10,3,13.4,17.2,0.0
2001-10-04,2001,10,4,10.6,17.3,0.0
2001-10-05,2001,10,5,10.9,20.7,0.0
2001-10-06,2001,10,6,13.7,19.5,0.0
2001-10-07,2001,10,7,12.8,18.7,0.0
2001-10-08,2001,10,8,12.7,17.9,0.0
2001-10-09,2001,10,9,11.5,18.4,0.0
2001-10-10,2001,10,10,9.8,19.5,0.0
2001-10-11,2001,10,11,9.8,21.0,0.0
2001-10-12,2001,10,12,10.9,22.6,0.0
2001-10-13,2001,10,13,14.4,23.3,0.0
2001-10-14,2001,10,14,14.7,19.0,0.0
2001-10-15,2001,10,15,13.2,21.5,0.0
2001-10-16,2001,10,16,11.7,15.9,0.0
2001-10-17,2001,10,17,10.5,20.7,0.0
2001-10-18,2001,10,18,14.4,18.1,0.0
2001-10-19,2001,10,19,12.9,18.6,0.0
2001-10-20,2001,10,20,14.9,17.6,0.0
2001-10-21,2001,10,21,12.3,17.8,0.0
2001-10-22,2001,10,22,12.7,16.9,0.0
2001-10-23,2001,10,23,11.4,17.9,0.0
2001-10-24,2001,10,24,11.1,17.3,0.0
2001-10-25,2001,10,25,11.5,17.8,0.0
2001-10-26,2001,10,26,9.7,17.6,0.0
2001-10-27,2001,10,27,12.3,15.6,0.0
2001-10-28,2001,10,28,10.3,12.0,0.0
2001-10-29,2001,10,29,10.9,15.8,0.0
2001-10-30,2001,10,30,11.2,18.2,0.0
2001-10-31,2001,10,31,9.8,17.7,0.0
2001-11-01,2001,11,1,6.7,12.7,0.0
2001-11-02,2001,11,2,6.9,13.7,0.0
2001-11-03,2001,11,3,6.2,13.8,0.0
2001-11-04,2001,11,4,6.7,11.3,0.0
2001-11-05,2001,11,5,7.8,11.2,0.0
2001-11-06,2001,11,6,5.9,12.4,0.0
2001-11-07,2001,11,7,11.8,14.2,0.0
2001-11-08,2001,11,8,3.2,11.7,0.0
2001-11-09,2001,11,9,2.9,6.1,0.0
2001-11-10,2001,11,10,0.8,4.7,0.0
2001-11-11,2001,11,11,0.9,7.8,0.0
2001-11-12,2001,11,12,7.2,11.9,4.2
2001-11-13,2001,11,13,6.5,10.2,0.2
2001-11-14,2001,11,14,3.8,7.9,0.0
2001-11-15,2001,11,15,1.2,6.4,0.0
2001-11-16,2001,11,16,0.7,9.8,0.0
2001-11-17,2001,11,17,3.3,7.2,0.0
2001-11-18,2001,11,18,2.7,4.3,0.0
2001-11-19,2001,11,19,2.6,5.3,0.0
2001-11-20,2001,11,20,4.1,8.8,0.0
2001-11-21,2001,11,21,3.4,8.0,0.0
2001-11-22,2001,11,22,3.7,9.4,0.0
2001-11-23,2001,11,23,3.8,7.6,0.0
2001-11-24,2001,11,24,4.7,11.3,0.0
2001-11-25,2001,11,25,9.2,12.3,0.0
2001-11-26,2001,11,26,6.2,9.6,0.0
2001-11-27,2001,11,27,2.5,9.0,0.0
2001-11-28,2001,11,28,8.0,10.4,0.0
2001-11-29,2001,11,29,6.2,12.6,0.0
2001-11-30,2001,11,30,12.8,13.5,0.0
2001-12-01,2001,12,1,10.5,13.2,0.0
2001-12-02,2001,12,2,7.3,10.3,0.0
2001-12-03,2001,12,3,,10.3,0.8
2001-12-04,2001,12,4,8.8,12.5,0.0
2001-12-05,2001,12,5,8.4,13.4,0.0
2001-12-06,2001,12,6,7.3,10.9,0.0
2001-12-07,2001,12,7,3.8,8.0,0.0
2001-12-08,2001,12,8,1.3,5.5,0.0
2001-12-09,2001,12,9,0.0,3.7,0.0
2001-12-10,2001,12,10,0.1,4.0,0.0
2001-12-11,2001,12,11,1.5,6.2,0.0
2001-12-12,2001,12,12,2.6,4.2,0.0
2001-12-13,2001,12,13,0.9,4.6,0.0
2001-12-14,2001,12,14,-3.3,-0.1,0.0
2001-12-15,2001,12,15,-3.7,1.5,0.0
2001-12-16,2001,12,16,-1.0,2.3,0.0
2001-12-17,2001,12,17,-2.8,2.4,0.0
2001-12-18,2001,12,18,0.3,2.8,0.0
2001-12-19,2001,12,19,2.1,4.3,0.0
2001-12-20,2001,12,20,1.6,5.8,0.0
2001-12-21,2001,12,21,0.1,4.8,0.0
2001-12-22,2001,12,22,1.1,5.2,0.0
2001-12-23,2001,12,23,-2.6,1.2,0.0
2001-12-24,2001,12,24,-2.9,4.3,0.0
2001-12-25,2001,12,25,3.1,6.2,0.0
2001-12-26,2001,12,26,1.4,3.5,0.0
2001-12-27,2001,12,27,0.7,7.9,0.0
2001-12-28,2001,12,28,7.8,10.3,0.0
2001-12-29,2001,12,29,2.5,10.4,0.0
2001-12-30,2001,12,30,0.3,5.4,0.0
2001-12-31,2001,12,31,-1.7,2.5,0.0
2002-01-01,2002,1,1,-3.4,-1.1,0.0
2002-01-02,2002,1,2,-4.1,2.1,0.0
2002-01-03,2002,1,3,-1.9,3.1,0.0
2002-01-04,2002,1,4,-2.5,3.6,0.0
2002-01-05,2002,1,5,-1.7,4.9,0.0
2002-01-06,2002,1,6,-1.2,5.4,0.0
2002-01-07,2002,1,7,2.1,4.9,0.0
2002-01-08,2002,1,8,1.2,4.3,0.0
2002-01-09,2002,1,9,0.2,7.5,0.0
2002-01-10,2002,1,10,1.9,7.0,0.0
2002-01-11,2002,1,11,1.7,6.8,0.0
2002-01-12,2002,1,12,0.3,5.5,0.0
2002-01-13,2002,1,13,1.7,6.2,0.0
2002-01-14,2002,1,14,6.4,8.2,0.0
2002-01-15,2002,1,15,6.6,8.0,0.0
2002-01-16,2002,1,16,4.1,7.2,0.0
2002-01-17,2002,1,17,4.0,6.7,0.0
2002-01-18,2002,1,18,5.2,7.6,0.0
2002-01-19,2002,1,19,5.7,11.1,0.0
2002-01-20,2002,1,20,7.5,10.5,0.0
2002-01-21,2002,1,21,7.2,11.0,0.0
2002-01-22,2002,1,22,7.4,11.7,0.0
2002-01-23,2002,1,23,5.9,11.1,0.0
2002-01-24,2002,1,24,8.6,11.6,0.0
2002-01-25,2002,1,25,6.3,10.8,0.0
2002-01-26,2002,1,26,9.6,13.3,0.0
2002-01-27,2002,1,27,10.9,15.3,0.4
2002-01-28,2002,1,28,9.3,11.4,0.0
2002-01-29,2002,1,29,5.9,10.1,0.0
2002-01-30,2002,1,30,7.1,14.0,0.0
2002-01-31,2002,1,31,8.4,13.4,0.0
2002-02-01,2002,2,1,9.4,13.5,0.0
2002-02-02,2002,2,2,7.8,15.4,0.0
2002-02-03,2002,2,3,7.4,14.5,0.0
2002-02-04,2002,2,4,6.3,12.3,0.0
2002-02-05,2002,2,5,8.6,12.7,0.0
2002-02-06,2002,2,6,6.1,9.0,0.0
2002-02-07,2002,2,7,3.2,8.9,0.0
2002-02-08,2002,2,8,7.8,12.2,0.0
2002-02-09,2002,2,9,7.1,12.2,0.0
2002-02-10,2002,2,10,6.9,11.0,0.0
2002-02-11,2002,2,11,9.8,12.6,0.0
2002-02-12,2002,2,12,12.2,13.9,0.0
2002-02-13,2002,2,13,6.0,12.8,0.0
2002-02-14,2002,2,14,2.9,7.1,0.0
2002-02-15,2002,2,15,-0.5,5.9,0.0
2002-02-16,2002,2,16,0.3,6.8,0.0
2002-02-17,2002,2,17,1.7,9.7,0.0
2002-02-18,2002,2,18,2.7,7.5,0.0
2002-02-19,2002,2,19,3.1,9.7,0.0
2002-02-20,2002,2,20,5.3,12.3,0.0
2002-02-21,2002,2,21,3.7,6.6,0.0
2002-02-22,2002,2,22,4.4,11.5,0.0
2002-02-23,2002,2,23,4.5,8.2,0.0
2002-02-24,2002,2,24,3.3,8.8,0.0
2002-02-25,2002,2,25,9.5,12.3,0.0
2002-02-26,2002,2,26,10.5,15.2,0.0
2002-02-27,2002,2,27,5.3,10.8,0.0
2002-02-28,2002,2,28,4.6,10.2,0.0
2002-03-01,2002,3,1,3.0,9.5,0.0
2002-03-02,2002,3,2,2.2,6.2,0.0
2002-03-03,2002,3,3,0.7,10.2,0.0
2002-03-04,2002,3,4,4.4,10.5,0.0
2002-03-05,2002,3,5,4.0,10.7,0.0
2002-03-06,2002,3,6,4.8,12.0,0.0
2002-03-07,2002,3,7,9.5,15.7,0.0
2002-03-08,2002,3,8,6.8,16.0,0.0
2002-03-09,2002,3,9,7.1,14.1,0.0
2002-03-10,2002,3,10,3.4,13.5,0.0
2002-03-11,2002,3,11,4.0,16.2,0.4
2002-03-12,2002,3,12,9.5,13.2,1.0
2002-03-13,2002,3,13,8.7,20.0,0.0
2002-03-14,2002,3,14,7.1,13.9,9.6
2002-03-15,2002,3,15,8.8,12.1,0.0
2002-03-16,2002,3,16,7.4,16.5,0.0
2002-03-17,2002,3,17,10.0,13.6,0.0
2002-03-18,2002,3,18,8.8,12.6,0.0
2002-03-19,2002,3,19,9.6,15.2,0.0
2002-03-20,2002,3,20,13.7,16.7,0.0
2002-03-21,2002,3,21,9.6,15.8,0.0
2002-03-22,2002,3,22,9.8,14.0,0.0
2002-03-23,2002,3,23,6.5,11.5,0.0
2002-03-24,2002,3,24,4.3,12.1,0.0
2002-03-25,2002,3,25,3.8,10.5,0.0
2002-03-26,2002,3,26,5.5,10.3,0.0
2002-03-27,2002,3,27,4.4,11.1,0.0
2002-03-28,2002,3,28,3.6,13.7,0.0
2002-03-29,2002,3,29,5.4,17.4,0.0
2002-03-30,2002,3,30,8.6,17.0,0.0
2002-03-31,2002,3,31,6.3,17.0,0.0
2002-04-01,2002,4,1,9.8,18.9,0.0
2002-04-02,2002,4,2,9.7,20.5,0.0
2002-04-03,2002,4,3,9.6,20.7,0.0
2002-04-04,2002,4,4,10.7,20.8,0.0
2002-04-05,2002,4,5,10.5,20.4,0.0
2002-04-06,2002,4,6,7.2,14.9,0.0
2002-04-07,2002,4,7,5.0,14.5,0.0
2002-04-08,2002,4,8,6.4,15.4,0.0
2002-04-09,2002,4,9,5.4,14.3,0.0
2002-04-10,2002,4,10,5.3,12.9,0.0
2002-04-11,2002,4,11,6.0,12.9,0.0
2002-04-12,2002,4,12,6.7,14.1,0.0
2002-04-13,2002,4,13,5.8,10.4,0.0
2002-04-14,2002,4,14,3.2,10.8,0.0
2002-04-15,2002,4,15,4.5,11.4,0.0
2002-04-16,2002,4,16,6.1,14.2,0.0
2002-04-17,2002,4,17,4.8,15.9,0.0
2002-04-18,2002,4,18,8.8,15.3,0.0
2002-04-19,2002,4,19,8.1,14.8,0.0
2002-04-20,2002,4,20,6.9,16.2,0.0
2002-04-21,2002,4,21,7.7,19.7,0.0
2002-04-22,2002,4,22,10.3,21.4,0.0
2002-04-23,2002,4,23,11.0,18.4,0.0
2002-04-24,2002,4,24,11.3,23.1,0.0
2002-04-25,2002,4,25,12.0,20.4,0.0
2002-04-26,2002,4,26,8.1,13.5,0.0
2002-04-27,2002,4,27,7.1,14.6,0.0
2002-04-28,2002,4,28,8.7,17.4,0.0
2002-04-29,2002,4,29,7.6,13.6,0.0
2002-04-30,2002,4,30,8.5,18.2,0.0
2002-05-01,2002,5,1,9.3,15.3,0.0
2002-05-02,2002,5,2,7.1,13.5,0.0
2002-05-03,2002,5,3,6.9,14.8,0.0
2002-05-04,2002,5,4,7.2,12.1,0.0
2002-05-05,2002,5,5,6.7,10.9,0.0
2002-05-06,2002,5,6,7.9,13.9,0.0
2002-05-07,2002,5,7,8.1,19.7,0.0
2002-05-08,2002,5,8,11.4,22.3,0.0
2002-05-09,2002,5,9,13.1,16.7,0.0
2002-05-10,2002,5,10,11.7,14.6,0.0
2002-05-11,2002,5,11,11.7,13.4,0.0
2002-05-12,2002,5,12,10.2,16.2,0.0
2002-05-13,2002,5,13,8.5,22.7,0.0
2002-05-14,2002,5,14,11.0,17.8,0.0
2002-05-15,2002,5,15,9.8,22.0,0.0
2002-05-16,2002,5,16,12.1,27.1,0.0
2002-05-17,2002,5,17,15.4,28.0,0.0
2002-05-18,2002,5,18,13.0,19.4,0.0
2002-05-19,2002,5,19,10.7,19.5,0.0
2002-05-20,2002,5,20,13.5,22.7,0.0
2002-05-21,2002,5,21,14.2,25.3,0.0
2002-05-22,2002,5,22,12.3,15.6,0.0
2002-05-23,2002,5,23,9.9,19.0,0.0
2002-05-24,2002,5,24,10.6,17.2,0.0
2002-05-25,2002,5,25,10.5,18.9,0.0
2002-05-26,2002,5,26,10.5,16.7,0.0
2002-05-27,2002,5,27,8.6,16.1,0.0
2002-05-28,2002,5,28,8.0,14.3,0.0
2002-05-29,2002,5,29,8.6,17.8,0.0
2002-05-30,2002,5,30,8.6,18.9,0.0
2002-05-31,2002,5,31,10.5,22.2,0.0
2002-06-01,2002,6,1,13.2,26.4,0.0
2002-06-02,2002,6,2,15.4,27.6,0.0
2002-06-03,2002,6,3,16.9,24.4,0.0
2002-06-04,2002,6,4,14.8,21.8,0.0
2002-06-05,2002,6,5,12.6,18.9,0.0
2002-06-06,2002,6,6,11.8,18.6,0.0
2002-06-07,2002,6,7,12.7,18.8,0.0
2002-06-08,2002,6,8,12.7,19.4,0.0
2002-06-09,2002,6,9,11.5,19.2,0.0
2002-06-10,2002,6,10,10.1,17.4,0.0
2002-06-11,2002,6,11,12.4,20.1,0.0
2002-06-12,2002,6,12,15.1,21.3,0.0
2002-06-13,2002,6,13,14.2,21.1,0.0
2002-06-14,2002,6,14,14.8,29.5,0.0
2002-06-15,2002,6,15,17.0,23.0,0.0
2002-06-16,2002,6,16,18.3,29.3,0.0
2002-06-17,2002,6,17,20.1,34.3,0.0
2002-06-18,2002,6,18,22.4,30.4,0.0
2002-06-19,2002,6,19,15.5,20.9,0.0
2002-06-20,2002,6,20,14.8,20.3,0.0
2002-06-21,2002,6,21,15.1,24.2,0.0
2002-06-22,2002,6,22,17.0,26.6,0.0
2002-06-23,2002,6,23,16.3,22.8,0.0
2002-06-24,2002,6,24,13.1,23.1,0.0
2002-06-25,2002,6,25,13.2,24.5,0.0
2002-06-26,2002,6,26,14.5,24.6,0.0
2002-06-27,2002,6,27,13.5,21.6,0.0
2002-06-28,2002,6,28,12.0,20.0,0.0
2002-06-29,2002,6,29,11.5,20.8,0.0
2002-06-30,2002,6,30,13.3,22.5,0.0
2002-07-01,2002,7,1,13.4,16.4,0.0
2002-07-02,2002,7,2,12.9,18.8,0.0
2002-07-03,2002,7,3,13.1,19.5,0.0
2002-07-04,2002,7,4,12.3,21.0,0.0
2002-07-05,2002,7,5,12.3,17.5,0.0
2002-07-06,2002,7,6,14.7,20.3,0.0
2002-07-07,2002,7,7,14.4,23.4,0.0
2002-07-08,2002,7,8,13.5,27.3,0.0
2002-07-09,2002,7,9,15.9,21.1,0.0
2002-07-10,2002,7,10,13.2,20.3,0.0
2002-07-11,2002,7,11,11.8,22.1,0.0
2002-07-12,2002,7,12,15.4,23.3,0.0
2002-07-13,2002,7,13,14.3,20.0,0.0
2002-07-14,2002,7,14,13.3,20.8,0.0
2002-07-15,2002,7,15,14.5,21.1,0.0
2002-07-16,2002,7,16,14.8,25.0,0.0
2002-07-17,2002,7,17,15.1,24.8,0.0
2002-07-18,2002,7,18,15.0,24.4,0.0
2002-07-19,2002,7,19,14.0,24.7,0.0
2002-07-20,2002,7,20,13.4,28.4,0.0
2002-07-21,2002,7,21,15.5,21.7,0.0
2002-07-22,2002,7,22,13.5,21.8,0.0
2002-07-23,2002,7,23,15.2,25.4,0.0
2002-07-24,2002,7,24,16.4,23.0,0.0
2002-07-25,2002,7,25,14.5,22.7,0.0
2002-07-26,2002,7,26,19.1,25.2,0.0
2002-07-27,2002,7,27,18.2,31.6,0.0
2002-07-28,2002,7,28,21.5,33.3,0.0
2002-07-29,2002,7,29,19.3,33.2,0.0
2002-07-30,2002,7,30,19.7,25.8,0.0
2002-07-31,2002,7,31,15.9,23.2,0.0
2002-08-01,2002,8,1,13.8,23.5,0.0
2002-08-02,2002,8,2,14.4,21.8,0.0
2002-08-03,2002,8,3,14.1,20.8,0.0
2002-08-04,2002,8,4,14.1,19.3,0.0
2002-08-05,2002,8,5,13.5,20.7,0.0
2002-08-06,2002,8,6,14.4,21.8,0.0
2002-08-07,2002,8,7,16.1,25.2,0.0
2002-08-08,2002,8,8,16.1,23.5,0.0
2002-08-09,2002,8,9,13.6,22.4,0.0
2002-08-10,2002,8,10,14.4,20.2,0.0
2002-08-11,2002,8,11,13.6,22.0,0.0
2002-08-12,2002,8,12,15.3,20.8,0.0
2002-08-13,2002,8,13,12.9,25.0,0.0
2002-08-14,2002,8,14,15.9,28.2,0.0
2002-08-15,2002,8,15,17.7,30.2,0.0
2002-08-16,2002,8,16,18.6,31.1,0.0
2002-08-17,2002,8,17,19.5,32.0,0.0
2002-08-18,2002,8,18,19.8,31.5,0.0
2002-08-19,2002,8,19,19.5,28.2,0.0
2002-08-20,2002,8,20,16.5,21.1,0.0
2002-08-21,2002,8,21,14.1,22.3,0.0
2002-08-22,2002,8,22,15.4,22.1,0.0
2002-08-23,2002,8,23,14.2,23.3,0.0
2002-08-24,2002,8,24,15.6,24.2,0.0
2002-08-25,2002,8,25,15.3,22.7,0.0
2002-08-26,2002,8,26,16.0,19.4,0.0
2002-08-27,2002,8,27,17.2,18.4,0.0
2002-08-28,2002,8,28,16.9,20.5,0.0
2002-08-29,2002,8,29,16.3,24.0,0.0
2002-08-30,2002,8,30,15.9,24.2,0.0
2002-08-31,2002,8,31,15.2,21.9,0.0
2002-09-01,2002,9,1,13.4,19.4,0.0
2002-09-02,2002,9,2,12.0,23.7,0.0
2002-09-03,2002,9,3,16.9,22.5,0.0
2002-09-04,2002,9,4,16.1,22.2,0.0
2002-09-05,2002,9,5,13.5,21.5,0.0
2002-09-06,2002,9,6,12.9,20.8,0.0
2002-09-07,2002,9,7,16.0,22.4,0.0
2002-09-08,2002,9,8,14.9,19.6,0.0
2002-09-09,2002,9,9,14.3,19.4,0.0
2002-09-10,2002,9,10,13.6,20.9,0.0
2002-09-11,2002,9,11,12.4,19.9,0.0
2002-09-12,2002,9,12,13.3,22.2,0.0
2002-09-13,2002,9,13,13.1,23.4,0.0
2002-09-14,2002,9,14,12.7,22.7,0.0
2002-09-15,2002,9,15,14.5,20.2,0.0
2002-09-16,2002,9,16,11.4,21.6,0.0
2002-09-17,2002,9,17,12.4,21.6,0.0
2002-09-18,2002,9,18,11.4,23.5,0.0
2002-09-19,2002,9,19,13.3,19.4,0.0
2002-09-20,2002,9,20,13.4,20.7,0.0
2002-09-21,2002,9,21,12.9,19.6,0.0
2002-09-22,2002,9,22,11.1,17.9,0.0
2002-09-23,2002,9,23,10.9,16.9,0.0
2002-09-24,2002,9,24,7.8,15.9,0.0
2002-09-25,2002,9,25,7.5,15.8,0.0
2002-09-26,2002,9,26,11.0,15.5,0.0
2002-09-27,2002,9,27,9.7,16.4,0.0
2002-09-28,2002,9,28,10.2,18.2,0.0
2002-09-29,2002,9,29,8.9,19.6,0.0
2002-09-30,2002,9,30,7.7,21.0,0.0
2002-10-01,2002,10,1,9.1,21.4,0.0
2002-10-02,2002,10,2,12.3,20.1,0.0
2002-10-03,2002,10,3,14.9,20.5,0.0
2002-10-04,2002,10,4,12.5,19.0,0.0
2002-10-05,2002,10,5,9.8,17.4,0.0
2002-10-06,2002,10,6,10.1,17.3,0.0
2002-10-07,2002,10,7,7.0,15.1,0.0
2002-10-08,2002,10,8,6.7,15.8,0.0
2002-10-09,2002,10,9,6.7,17.9,0.0
2002-10-10,2002,10,10,12.4,17.3,0.0
2002-10-11,2002,10,11,8.4,15.8,0.0
2002-10-12,2002,10,12,8.4,16.9,0.0
2002-10-13,2002,10,13,6.8,14.5,0.0
2002-10-14,2002,10,14,10.0,13.8,0.0
2002-10-15,2002,10,15,10.1,19.3,0.0
2002-10-16,2002,10,16,11.7,16.5,0.0
2002-10-17,2002,10,17,7.5,12.9,0.0
2002-10-18,2002,10,18,5.0,12.8,0.0
2002-10-19,2002,10,19,5.6,13.7,0.0
2002-10-20,2002,10,20,6.7,15.1,0.0
2002-10-21,2002,10,21,11.3,17.8,0.0
2002-10-22,2002,10,22,12.1,16.5,0.0
2002-10-23,2002,10,23,7.9,13.9,0.0
2002-10-24,2002,10,24,7.3,12.2,0.0
2002-10-25,2002,10,25,12.2,15.9,0.0
2002-10-26,2002,10,26,11.5,14.0,0.0
2002-10-27,2002,10,27,10.5,16.2,0.0
2002-10-28,2002,10,28,7.9,14.1,0.0
2002-10-29,2002,10,29,6.3,10.4,0.0
2002-10-30,2002,10,30,10.0,17.0,0.0
2002-10-31,2002,10,31,10.0,17.5,0.0
2002-11-01,2002,11,1,11.4,15.1,0.0
2002-11-02,2002,11,2,14.1,16.0,0.0
2002-11-03,2002,11,3,9.8,15.9,0.0
2002-11-04,2002,11,4,8.1,13.1,0.0
2002-11-05,2002,11,5,6.9,13.3,0.0
2002-11-06,2002,11,6,6.9,9.7,0.0
2002-11-07,2002,11,7,6.9,10.9,0.0
2002-11-08,2002,11,8,5.2,11.5,0.0
2002-11-09,2002,11,9,9.4,13.2,0.0
2002-11-10,2002,11,10,8.5,16.1,0.0
2002-11-11,2002,11,11,8.8,14.1,0.0
2002-11-12,2002,11,12,8.3,12.8,0.0
2002-11-13,2002,11,13,10.2,13.7,0.0
2002-11-14,2002,11,14,7.8,14.1,0.0
2002-11-15,2002,11,15,6.4,12.5,0.0
2002-11-16,2002,11,16,7.4,10.0,0.0
2002-11-17,2002,11,17,7.1,10.9,0.0
2002-11-18,2002,11,18,6.3,9.5,0.0
2002-11-19,2002,11,19,5.3,7.2,0.0
2002-11-20,2002,11,20,4.8,11.4,0.0
2002-11-21,2002,11,21,7.5,12.8,0.0
2002-11-22,2002,11,22,7.1,10.8,0.0
2002-11-23,2002,11,23,6.2,9.3,0.0
2002-11-24,2002,11,24,5.1,12.2,0.0
2002-11-25,2002,11,25,7.2,9.6,0.0
2002-11-26,2002,11,26,6.4,7.2,0.0
2002-11-27,2002,11,27,3.6,6.7,0.0
2002-11-28,2002,11,28,6.6,10.3,0.0
2002-11-29,2002,11,29,8.3,9.5,0.0
2002-11-30,2002,11,30,7.2,10.4,0.0
2002-12-01,2002,12,1,7.6,10.6,0.0
2002-12-02,2002,12,2,6.3,9.1,0.0
2002-12-03,2002,12,3,4.5,9.9,0.0
2002-12-04,2002,12,4,4.4,7.9,0.0
2002-12-05,2002,12,5,6.5,7.3,0.0
2002-12-06,2002,12,6,2.2,6.1,0.0
2002-12-07,2002,12,7,1.9,3.6,0.0
2002-12-08,2002,12,8,2.4,3.7,0.0
2002-12-09,2002,12,9,-1.0,2.6,0.0
2002-12-10,2002,12,10,-0.9,5.0,0.0
2002-12-11,2002,12,11,1.4,4.9,0.0
2002-12-12,2002,12,12,1.8,5.6,0.0
2002-12-13,2002,12,13,3.5,8.8,0.0
2002-12-14,2002,12,14,5.9,8.3,0.0
2002-12-15,2002,12,15,7.9,10.5,0.0
2002-12-16,2002,12,16,6.3,8.8,0.0
2002-12-17,2002,12,17,4.0,7.8,0.0
2002-12-18,2002,12,18,0.1,4.4,0.0
2002-12-19,2002,12,19,-0.8,3.2,0.0
2002-12-20,2002,12,20,1.6,10.0,0.0
2002-12-21,2002,12,21,10.1,12.0,0.0
2002-12-22,2002,12,22,10.6,15.0,0.0
2002-12-23,2002,12,23,11.1,13.3,0.0
2002-12-24,2002,12,24,10.0,14.1,0.0
2002-12-25,2002,12,25,9.8,11.5,0.0
2002-12-26,2002,12,26,10.2,14.6,0.0
2002-12-27,2002,12,27,9.0,13.3,0.0
2002-12-28,2002,12,28,7.4,11.1,0.0
2002-12-29,2002,12,29,7.8,13.5,0.0
2002-12-30,2002,12,30,10.3,12.8,0.0
2002-12-31,2002,12,31,5.0,10.2,0.0
2003-01-01,2003,1,1,5.6,13.8,0.0
2003-01-02,2003,1,2,12.2,13.3,0.0
2003-01-03,2003,1,3,8.0,9.6,0.0
2003-01-04,2003,1,4,-1.6,7.5,0.0
2003-01-05,2003,1,5,-3.8,-0.9,0.0
2003-01-06,2003,1,6,-2.6,0.1,0.0
2003-01-07,2003,1,7,-4.9,-1.7,0.0
2003-01-08,2003,1,8,-6.1,-4.9,0.0
2003-01-09,2003,1,9,-7.3,-2.8,0.0
2003-01-10,2003,1,10,-5.9,-0.7,0.0
2003-01-11,2003,1,11,-5.4,-0.5,0.0
2003-01-12,2003,1,12,-4.5,0.1,0.0
2003-01-13,2003,1,13,-3.6,6.7,0.0
2003-01-14,2003,1,14,,7.3,0.0
2003-01-15,2003,1,15,1.8,5.9,2.4
2003-01-16,2003,1,16,2.5,5.6,0.0
2003-01-17,2003,1,17,1.1,5.1,0.0
2003-01-18,2003,1,18,1.1,4.2,0.0
2003-01-19,2003,1,19,2.9,9.1,2.8
2003-01-20,2003,1,20,8.0,8.7,0.0
2003-01-21,2003,1,21,6.9,9.9,0.0
2003-01-22,2003,1,22,6.9,9.3,0.0
2003-01-23,2003,1,23,6.5,8.0,0.0
2003-01-24,2003,1,24,2.8,7.1,0.0
2003-01-25,2003,1,25,-0.2,7.5,0.0
2003-01-26,2003,1,26,6.3,9.9,0.0
2003-01-27,2003,1,27,10.2,15.1,0.0
2003-01-28,2003,1,28,4.5,10.0,0.0
2003-01-29,2003,1,29,4.1,5.9,0.0
2003-01-30,2003,1,30,0.3,4.4,0.0
2003-01-31,2003,1,31,-0.4,2.8,0.0
2003-02-01,2003,2,1,-1.1,3.6,0.0
2003-02-02,2003,2,2,1.7,7.4,0.0
2003-02-03,2003,2,3,3.6,6.8,0.0
2003-02-04,2003,2,4,1.6,4.7,0.0
2003-02-05,2003,2,5,1.7,4.4,0.0
2003-02-06,2003,2,6,-0.8,5.7,0.0
2003-02-07,2003,2,7,1.1,5.9,0.0
2003-02-08,2003,2,8,3.3,6.6,0.0
2003-02-09,2003,2,9,4.3,7.1,0.0
2003-02-10,2003,2,10,4.0,5.8,0.0
2003-02-11,2003,2,11,4.1,6.4,0.0
2003-02-12,2003,2,12,-0.7,4.3,0.0
2003-02-13,2003,2,13,-2.5,0.2,0.0
2003-02-14,2003,2,14,-2.6,1.8,0.0
2003-02-15,2003,2,15,-1.5,4.9,0.0
2003-02-16,2003,2,16,-2.2,1.9,0.0
2003-02-17,2003,2,17,-3.3,1.9,0.0
2003-02-18,2003,2,18,-2.8,3.1,0.0
2003-02-19,2003,2,19,-2.7,4.5,0.0
2003-02-20,2003,2,20,3.1,9.1,0.0
2003-02-21,2003,2,21,4.0,9.1,0.0
2003-02-22,2003,2,22,-0.1,12.1,0.0
2003-02-23,2003,2,23,3.3,10.0,0.0
2003-02-24,2003,2,24,4.0,13.9,0.0
2003-02-25,2003,2,25,5.0,13.4,0.0
2003-02-26,2003,2,26,6.8,15.8,0.0
2003-02-27,2003,2,27,8.8,13.4,0.0
2003-02-28,2003,2,28,7.4,12.9,0.0
2003-03-01,2003,3,1,9.6,11.2,0.0
2003-03-02,2003,3,2,5.5,9.4,0.0
2003-03-03,2003,3,3,2.1,9.2,0.0
2003-03-04,2003,3,4,6.1,13.0,0.0
2003-03-05,2003,3,5,10.1,16.8,0.0
2003-03-06,2003,3,6,6.8,12.3,0.0
2003-03-07,2003,3,7,3.6,12.4,0.0
2003-03-08,2003,3,8,5.6,12.4,0.0
2003-03-09,2003,3,9,5.8,17.0,0.0
2003-03-10,2003,3,10,6.4,15.7,0.0
2003-03-11,2003,3,11,11.4,17.1,0.0
2003-03-12,2003,3,12,6.7,12.4,0.0
2003-03-13,2003,3,13,5.6,11.8,0.0
2003-03-14,2003,3,14,4.0,11.7,0.0
2003-03-15,2003,3,15,2.6,11.5,0.0
2003-03-16,2003,3,16,2.5,14.6,0.0
2003-03-17,2003,3,17,4.7,12.9,0.0
2003-03-18,2003,3,18,3.6,13.2,0.0
2003-03-19,2003,3,19,4.5,15.5,0.0
2003-03-20,2003,3,20,6.0,14.9,0.0
2003-03-21,2003,3,21,6.7,11.4,0.0
2003-03-22,2003,3,22,4.3,15.8,0.0
2003-03-23,2003,3,23,6.6,20.0,0.0
2003-03-24,2003,3,24,7.2,22.0,0.0
2003-03-25,2003,3,25,10.5,22.0,0.0
2003-03-26,2003,3,26,11.3,21.2,0.0
2003-03-27,2003,3,27,11.1,21.3,0.0
2003-03-28,2003,3,28,12.6,20.3,0.0
2003-03-29,2003,3,29,13.4,18.0,0.0
2003-03-30,2003,3,30,10.5,19.6,0.0
2003-03-31,2003,3,31,6.1,15.5,0.0
2003-04-01,2003,4,1,6.2,17.4,0.0
2003-04-02,2003,4,2,4.7,9.4,0.0
2003-04-03,2003,4,3,4.0,9.1,0.0
2003-04-04,2003,4,4,3.0,12.6,0.0
2003-04-05,2003,4,5,7.5,15.1,0.0
2003-04-06,2003,4,6,5.2,11.2,0.0
2003-04-07,2003,4,7,1.3,9.2,0.0
2003-04-08,2003,4,8,1.1,9.7,0.0
2003-04-09,2003,4,9,1.3,9.6,0.0
2003-04-10,2003,4,10,1.4,6.3,0.0
2003-04-11,2003,4,11,0.9,11.6,0.0
2003-04-12,2003,4,12,7.0,15.3,0.0
2003-04-13,2003,4,13,6.3,18.6,0.0
2003-04-14,2003,4,14,13.3,21.1,0.0
2003-04-15,2003,4,15,12.8,25.0,0.0
2003-04-16,2003,4,16,12.8,24.9,0.0
2003-04-17,2003,4,17,13.1,24.8,0.0
2003-04-18,2003,4,18,13.5,23.2,0.0
2003-04-19,2003,4,19,8.1,15.4,0.0
2003-04-20,2003,4,20,6.0,14.5,0.0
2003-04-21,2003,4,21,10.2,16.9,0.0
2003-04-22,2003,4,22,8.9,20.4,0.0
2003-04-23,2003,4,23,11.1,20.8,0.0
2003-04-24,2003,4,24,9.8,24.2,0.0
2003-04-25,2003,4,25,13.1,25.1,0.0
2003-04-26,2003,4,26,12.5,16.1,0.0
2003-04-27,2003,4,27,10.4,17.2,0.0
2003-04-28,2003,4,28,11.8,24.2,0.0
2003-04-29,2003,4,29,12.6,19.3,0.0
2003-04-30,2003,4,30,10.8,15.9,0.0
2003-05-01,2003,5,1,10.5,16.9,0.0
2003-05-02,2003,5,2,10.4,18.9,0.0
2003-05-03,2003,5,3,8.0,17.9,0.0
2003-05-04,2003,5,4,8.3,27.0,0.0
2003-05-05,2003,5,5,11.7,17.5,0.0
2003-05-06,2003,5,6,11.2,13.9,0.0
2003-05-07,2003,5,7,9.5,20.3,0.0
2003-05-08,2003,5,8,12.2,22.1,0.0
2003-05-09,2003,5,9,11.5,15.2,0.0
2003-05-10,2003,5,10,9.6,18.6,0.0
2003-05-11,2003,5,11,9.3,20.1,0.0
2003-05-12,2003,5,12,10.3,15.8,0.0
2003-05-13,2003,5,13,7.8,13.4,0.0
2003-05-14,2003,5,14,7.8,15.1,0.0
2003-05-15,2003,5,15,6.2,17.7,0.0
2003-05-16,2003,5,16,8.2,19.2,0.0
2003-05-17,2003,5,17,12.2,17.5,0.0
2003-05-18,2003,5,18,12.9,18.2,0.0
2003-05-19,2003,5,19,11.6,16.5,0.0
2003-05-20,2003,5,20,9.8,16.6,0.0
2003-05-21,2003,5,21,11.1,16.1,0.0
2003-05-22,2003,5,22,14.5,21.0,0.0
2003-05-23,2003,5,23,11.4,21.7,0.0
2003-05-24,2003,5,24,10.7,17.0,0.0
2003-05-25,2003,5,25,9.8,18.1,0.0
2003-05-26,2003,5,26,10.1,20.1,0.0
2003-05-27,2003,5,27,10.8,22.1,0.0
2003-05-28,2003,5,28,12.9,25.5,0.0
2003-05-29,2003,5,29,15.6,27.4,0.0
2003-05-30,2003,5,30,17.6,28.3,0.0
2003-05-31,2003,5,31,18.7,28.2,0.0
2003-06-01,2003,6,1,19.9,29.3,0.0
2003-06-02,2003,6,2,18.0,22.6,0.0
2003-06-03,2003,6,3,16.5,24.5,0.0
2003-06-04,2003,6,4,16.5,25.8,0.0
2003-06-05,2003,6,5,14.5,23.7,0.0
2003-06-06,2003,6,6,15.8,26.6,0.0
2003-06-07,2003,6,7,17.6,28.2,0.0
2003-06-08,2003,6,8,16.2,24.0,0.0
2003-06-09,2003,6,9,14.0,24.8,0.0
2003-06-10,2003,6,10,18.4,24.5,0.0
2003-06-11,2003,6,11,16.4,27.5,0.0
2003-06-12,2003,6,12,18.7,27.9,0.0
2003-06-13,2003,6,13,16.7,27.0,0.0
2003-06-14,2003,6,14,18.9,26.2,0.0
2003-06-15,2003,6,15,17.4,25.9,0.0
2003-06-16,2003,6,16,16.3,27.8,0.0
2003-06-17,2003,6,17,17.7,26.0,0.0
2003-06-18,2003,6,18,13.5,23.5,0.0
2003-06-19,2003,6,19,18.5,26.0,0.0
2003-06-20,2003,6,20,16.7,24.5,0.0
2003-06-21,2003,6,21,13.8,26.7,0.0
2003-06-22,2003,6,22,16.0,31.9,0.0
2003-06-23,2003,6,23,18.3,25.4,0.0
2003-06-24,2003,6,24,15.1,26.7,0.0
2003-06-25,2003,6,25,17.5,28.7,0.0
2003-06-26,2003,6,26,19.0,26.7,0.0
2003-06-27,2003,6,27,17.6,22.6,0.0
2003-06-28,2003,6,28,16.2,26.5,0.0
2003-06-29,2003,6,29,17.4,29.8,0.0
2003-06-30,2003,6,30,16.3,22.7,0.0
2003-07-01,2003,7,1,14.1,20.1,0.0
2003-07-02,2003,7,2,14.3,23.5,0.0
2003-07-03,2003,7,3,14.3,20.8,0.0
2003-07-04,2003,7,4,15.1,19.4,0.0
2003-07-05,2003,7,5,13.3,22.1,0.0
2003-07-06,2003,7,6,14.5,23.3,0.0
2003-07-07,2003,7,7,16.1,25.9,0.0
2003-07-08,2003,7,8,15.5,26.0,0.0
2003-07-09,2003,7,9,16.5,28.1,0.0
2003-07-10,2003,7,10,18.8,30.3,0.0
2003-07-11,2003,7,11,18.8,29.9,0.0
2003-07-12,2003,7,12,16.0,27.8,0.0
2003-07-13,2003,7,13,16.6,30.7,0.0
2003-07-14,2003,7,14,20.3,34.0,0.0
2003-07-15,2003,7,15,20.8,35.6,0.0
2003-07-16,2003,7,16,18.2,24.6,0.0
2003-07-17,2003,7,17,15.1,23.4,0.0
2003-07-18,2003,7,18,16.2,29.4,0.0
2003-07-19,2003,7,19,18.8,33.5,0.0
2003-07-20,2003,7,20,20.3,26.6,0.0
2003-07-21,2003,7,21,19.5,28.0,0.0
2003-07-22,2003,7,22,17.4,27.5,0.0
2003-07-23,2003,7,23,17.7,26.6,0.0
2003-07-24,2003,7,24,18.5,22.9,0.0
2003-07-25,2003,7,25,18.7,22.0,0.0
2003-07-26,2003,7,26,17.6,20.4,0.0
2003-07-27,2003,7,27,17.8,22.3,0.0
2003-07-28,2003,7,28,15.6,24.0,0.0
2003-07-29,2003,7,29,15.3,25.6,0.0
2003-07-30,2003,7,30,17.3,23.1,0.0
2003-07-31,2003,7,31,15.8,23.8,0.0
2003-08-01,2003,8,1,16.5,30.0,0.0
2003-08-02,2003,8,2,18.3,31.4,0.0
2003-08-03,2003,8,3,19.8,34.8,0.0
2003-08-04,2003,8,4,21.5,36.4,0.0
2003-08-05,2003,8,5,22.4,37.9,0.0
2003-08-06,2003,8,6,23.7,39.4,0.0
2003-08-07,2003,8,7,23.6,38.2,0.0
2003-08-08,2003,8,8,22.6,36.3,0.0
2003-08-09,2003,8,9,22.6,37.3,0.0
2003-08-10,2003,8,10,23.3,38.7,0.2
2003-08-11,2003,8,11,25.5,39.5,0.0
2003-08-12,2003,8,12,25.5,39.4,0.0
2003-08-13,2003,8,13,22.7,33.0,0.2
2003-08-14,2003,8,14,21.6,28.8,0.0
2003-08-15,2003,8,15,16.6,27.0,0.0
2003-08-16,2003,8,16,17.5,29.4,0.0
2003-08-17,2003,8,17,19.4,29.3,26.4
2003-08-18,2003,8,18,17.8,24.7,0.0
2003-08-19,2003,8,19,18.6,24.5,0.0
2003-08-20,2003,8,20,14.9,24.0,0.0
2003-08-21,2003,8,21,14.2,25.0,0.0
2003-08-22,2003,8,22,15.2,25.9,0.0
2003-08-23,2003,8,23,16.9,25.6,0.0
2003-08-24,2003,8,24,17.9,26.6,0.0
2003-08-25,2003,8,25,14.8,27.0,0.0
2003-08-26,2003,8,26,15.1,26.8,0.0
2003-08-27,2003,8,27,17.0,26.7,0.0
2003-08-28,2003,8,28,17.8,25.0,3.2
2003-08-29,2003,8,29,16.0,20.0,13.2
2003-08-30,2003,8,30,13.5,19.3,0.6
2003-08-31,2003,8,31,10.7,19.4,0.0
2003-09-01,2003,9,1,14.1,19.3,0.0
2003-09-02,2003,9,2,11.3,19.2,0.0
2003-09-03,2003,9,3,11.1,22.2,0.0
2003-09-04,2003,9,4,12.4,25.0,0.0
2003-09-05,2003,9,5,13.7,19.2,0.0
2003-09-06,2003,9,6,15.5,22.2,0.0
2003-09-07,2003,9,7,12.6,20.2,0.0
2003-09-08,2003,9,8,11.6,21.1,0.0
2003-09-09,2003,9,9,14.3,20.3,0.0
2003-09-10,2003,9,10,14.5,19.7,0.0
2003-09-11,2003,9,11,15.1,19.9,0.0
2003-09-12,2003,9,12,16.2,23.1,0.0
2003-09-13,2003,9,13,13.4,22.0,0.0
2003-09-14,2003,9,14,12.9,22.5,0.0
2003-09-15,2003,9,15,14.3,23.7,0.0
2003-09-16,2003,9,16,13.6,25.8,0.0
2003-09-17,2003,9,17,14.3,26.8,0.0
2003-09-18,2003,9,18,13.6,25.8,0.0
2003-09-19,2003,9,19,14.2,29.9,0.0
2003-09-20,2003,9,20,14.3,28.6,0.0
2003-09-21,2003,9,21,15.3,29.4,0.0
2003-09-22,2003,9,22,14.7,21.4,0.0
2003-09-23,2003,9,23,10.8,16.3,0.0
2003-09-24,2003,9,24,8.0,16.8,0.0
2003-09-25,2003,9,25,9.0,19.0,0.0
2003-09-26,2003,9,26,8.3,20.9,0.0
2003-09-27,2003,9,27,11.4,20.0,0.0
2003-09-28,2003,9,28,11.0,17.6,0.0
2003-09-29,2003,9,29,8.4,18.7,0.0
2003-09-30,2003,9,30,8.2,19.5,0.0
2003-10-01,2003,10,1,13.7,19.1,0.0
2003-10-02,2003,10,2,14.3,23.7,0.0
2003-10-03,2003,10,3,14.2,19.9,0.0
2003-10-04,2003,10,4,9.0,15.3,0.0
2003-10-05,2003,10,5,5.9,12.4,0.0
2003-10-06,2003,10,6,5.1,13.4,0.0
2003-10-07,2003,10,7,9.3,13.2,0.0
2003-10-08,2003,10,8,6.7,16.3,0.0
2003-10-09,2003,10,9,14.6,17.8,0.0
2003-10-10,2003,10,10,13.6,18.3,0.0
2003-10-11,2003,10,11,14.4,19.0,0.0
2003-10-12,2003,10,12,11.2,18.1,0.0
2003-10-13,2003,10,13,12.1,17.7,0.0
2003-10-14,2003,10,14,9.9,17.8,0.0
2003-10-15,2003,10,15,6.1,14.7,0.0
2003-10-16,2003,10,16,5.7,14.6,0.0
2003-10-17,2003,10,17,4.8,12.9,0.0
2003-10-18,2003,10,18,4.8,11.6,0.0
2003-10-19,2003,10,19,3.9,11.0,0.0
2003-10-20,2003,10,20,5.0,10.4,0.0
2003-10-21,2003,10,21,3.2,8.5,0.0
2003-10-22,2003,10,22,1.4,10.1,0.0
2003-10-23,2003,10,23,2.5,6.0,0.0
2003-10-24,2003,10,24,-0.1,7.6,0.0
2003-10-25,2003,10,25,3.0,10.1,0.0
2003-10-26,2003,10,26,4.9,8.5,0.0
2003-10-27,2003,10,27,2.4,5.8,0.0
2003-10-28,2003,10,28,1.1,9.9,0.0
2003-10-29,2003,10,29,1.1,7.9,0.0
2003-10-30,2003,10,30,6.0,9.7,0.0
2003-10-31,2003,10,31,8.1,10.7,0.0
2003-11-01,2003,11,1,6.3,12.2,0.0
2003-11-02,2003,11,2,5.5,12.7,0.0
2003-11-03,2003,11,3,11.5,15.0,0.0
2003-11-04,2003,11,4,8.1,12.1,0.0
2003-11-05,2003,11,5,6.5,12.6,0.0
2003-11-06,2003,11,6,4.8,16.0,0.0
2003-11-07,2003,11,7,6.2,12.0,0.0
2003-11-08,2003,11,8,3.9,9.5,0.0
2003-11-09,2003,11,9,3.7,10.6,0.0
2003-11-10,2003,11,10,6.4,13.3,0.0
2003-11-11,2003,11,11,6.0,13.2,0.0
2003-11-12,2003,11,12,6.4,11.7,0.0
2003-11-13,2003,11,13,5.4,12.2,0.0
2003-11-14,2003,11,14,5.5,12.6,0.0
2003-11-15,2003,11,15,5.7,9.3,1.6
2003-11-16,2003,11,16,7.7,9.3,1.5
2003-11-17,2003,11,17,3.0,11.0,0.0
2003-11-18,2003,11,18,8.6,12.7,0.0
2003-11-19,2003,11,19,9.9,12.6,0.0
2003-11-20,2003,11,20,6.7,9.9,0.0
2003-11-21,2003,11,21,6.9,11.1,0.0
2003-11-22,2003,11,22,10.0,16.1,0.0
2003-11-23,2003,11,23,13.5,18.3,0.0
2003-11-24,2003,11,24,11.1,13.6,0.0
2003-11-25,2003,11,25,7.3,10.6,0.0
2003-11-26,2003,11,26,6.6,10.5,0.0
2003-11-27,2003,11,27,4.9,6.9,0.0
2003-11-28,2003,11,28,3.9,5.9,0.0
2003-11-29,2003,11,29,2.0,7.2,0.0
2003-11-30,2003,11,30,8.0,11.3,0.0
2003-12-01,2003,12,1,7.6,10.8,0.0
2003-12-02,2003,12,2,7.5,9.7,0.0
2003-12-03,2003,12,3,5.8,9.9,0.0
2003-12-04,2003,12,4,5.9,7.1,0.0
2003-12-05,2003,12,5,4.8,6.8,0.0
2003-12-06,2003,12,6,3.1,6.0,0.0
2003-12-07,2003,12,7,-0.1,3.3,0.0
2003-12-08,2003,12,8,-0.2,7.2,0.0
2003-12-09,2003,12,9,0.0,4.8,0.0
2003-12-10,2003,12,10,-1.0,3.6,0.0
2003-12-11,2003,12,11,0.0,10.6,0.0
2003-12-12,2003,12,12,9.0,12.0,0.0
2003-12-13,2003,12,13,11.6,12.9,0.0
2003-12-14,2003,12,14,7.6,12.1,0.0
2003-12-15,2003,12,15,3.5,7.5,0.0
2003-12-16,2003,12,16,1.6,7.2,0.0
2003-12-17,2003,12,17,0.7,6.0,0.0
2003-12-18,2003,12,18,0.6,6.6,0.0
2003-12-19,2003,12,19,2.2,8.6,0.0
2003-12-20,2003,12,20,8.3,12.0,0.0
2003-12-21,2003,12,21,5.1,9.3,0.0
2003-12-22,2003,12,22,2.6,4.9,0.0
2003-12-23,2003,12,23,1.1,7.6,0.0
2003-12-24,2003,12,24,7.3,8.1,0.0
2003-12-25,2003,12,25,7.6,8.7,0.0
2003-12-26,2003,12,26,4.0,10.4,0.0
2003-12-27,2003,12,27,6.5,10.3,0.0
2003-12-28,2003,12,28,3.1,10.1,0.0
2003-12-29,2003,12,29,1.3,3.3,0.0
2003-12-30,2003,12,30,0.5,4.9,0.0
2003-12-31,2003,12,31,0.8,3.7,0.0
